No,year,month,day,hour,PM2_5,PM10,SO2,NO2,CO,O3,TEMP,PRES,DEWP,RAIN,wd,WSPM,station
1,2013,3,1,0,4,4,4,7,300,77,-0.7,1023,-18.8,0,NNW,4.4,Aotizhongxin
2,2013,3,1,1,8,8,4,7,300,77,-1.1,1023.2,-18.2,0,N,4.7,Aotizhongxin
3,2013,3,1,2,7,7,5,10,300,73,-1.1,1023.5,-18.2,0,NNW,5.6,Aotizhongxin
4,2013,3,1,3,6,6,11,11,300,72,-1.4,1024.5,-19.4,0,NW,3.1,Aotizhongxin
5,2013,3,1,4,3,3,12,12,300,72,-2,1025.2,-19.5,0,N,2,Aotizhongxin
6,2013,3,1,5,5,5,18,18,400,66,-2.2,1025.6,-19.6,0,N,3.7,Aotizhongxin
7,2013,3,1,6,3,3,18,32,500,50,-2.6,1026.5,-19.1,0,NNE,2.5,Aotizhongxin
8,2013,3,1,7,3,6,19,41,500,43,-1.6,1027.4,-19.1,0,NNW,3.8,Aotizhongxin
9,2013,3,1,8,3,6,16,43,500,45,0.1,1028.3,-19.2,0,NNW,4.1,Aotizhongxin
10,2013,3,1,9,3,8,12,28,400,59,1.2,1028.5,-19.3,0,N,2.6,Aotizhongxin
11,2013,3,1,10,3,6,9,12,400,72,1.9,1028.2,-19.4,0,NNW,3.6,Aotizhongxin
12,2013,3,1,11,3,6,9,14,400,71,2.9,1028.2,-20.5,0,N,3.7,Aotizhongxin
13,2013,3,1,12,3,6,7,13,300,74,3.9,1027.3,-19.7,0,NNW,5.1,Aotizhongxin
14,2013,3,1,13,3,6,7,12,400,76,5.3,1026.2,-19.3,0,NW,4.3,Aotizhongxin
15,2013,3,1,14,6,9,7,11,400,77,6,1025.9,-19.6,0,NW,4.4,Aotizhongxin
16,2013,3,1,15,8,15,7,14,400,76,6.2,1025.7,-18.6,0,NNE,2.8,Aotizhongxin
17,2013,3,1,16,9,19,9,13,400,76,5.9,1025.6,-18.1,0,NNW,3.9,Aotizhongxin
18,2013,3,1,17,10,23,11,15,400,74,4.3,1026.3,-18.7,0,NNE,2.8,Aotizhongxin
19,2013,3,1,18,11,20,8,20,500,70,3.1,1027.4,-18.4,0,NNE,2.1,Aotizhongxin
20,2013,3,1,19,8,14,12,30,500,60,2.3,1028.3,-18.4,0,N,2.8,Aotizhongxin
21,2013,3,1,20,11,17,13,33,600,55,1.7,1029.1,-17.3,0,N,2.1,Aotizhongxin
22,2013,3,1,21,12,18,16,35,500,50,0.6,1030.1,-16.7,0,ENE,0.8,Aotizhongxin
23,2013,3,1,22,15,19,21,57,700,32,0.9,1030.5,-17.4,0,ENE,1.8,Aotizhongxin
24,2013,3,1,23,24,24,26,54,600,36,-0.2,1030.5,-17.4,0,ENE,1.4,Aotizhongxin
25,2013,3,2,0,22,24,24,44,500,44,-0.4,1031,-17.6,0,ENE,1.4,Aotizhongxin
26,2013,3,2,1,14,17,21,36,400,50,-1,1031.3,-17.3,0,NNE,1.1,Aotizhongxin
27,2013,3,2,2,13,13,20,37,400,47,-1.5,1030.9,-16.9,0,E,1.7,Aotizhongxin
28,2013,3,2,3,3,9,13,34,400,52,-1.4,1030.6,-17.6,0,NNE,1.4,Aotizhongxin
29,2013,3,2,4,3,7,18,43,400,43,-1.5,1030.8,-17.7,0,NNW,0.9,Aotizhongxin
30,2013,3,2,5,9,11,19,70,500,20,-1.8,1030.1,-17.5,0,NNE,2,Aotizhongxin
31,2013,3,2,6,4,10,28,46,500,39,-2.5,1029.6,-17.7,0,NW,0.7,Aotizhongxin
32,2013,3,2,7,3,11,34,58,500,27,-1.7,1029.8,-17,0,NE,1.2,Aotizhongxin
33,2013,3,2,8,3,7,21,49,500,43,-0.4,1029.6,-17.6,0,NE,1.8,Aotizhongxin
34,2013,3,2,9,10,14,47,62,700,29,0.6,1029.7,-16.7,0,NE,1.7,Aotizhongxin
35,2013,3,2,10,11,19,36,60,600,34,1.7,1028.9,-16.3,0,W,1.6,Aotizhongxin
36,2013,3,2,11,18,29,36,70,800,27,2.2,1028.2,-16.8,0,SSW,3.1,Aotizhongxin
37,2013,3,2,12,26,30,25,76,900,22,2.7,1027.3,-16.4,0,WSW,2.7,Aotizhongxin
38,2013,3,2,13,25,33,20,57,700,39,3.3,1025.7,-16.4,0,W,1.5,Aotizhongxin
39,2013,3,2,14,26,35,22,54,700,43,3.8,1024.8,-16,0,SE,1.3,Aotizhongxin
40,2013,3,2,15,37,40,24,55,700,44,3.9,1024.1,-16.5,0,WNW,1.2,Aotizhongxin
41,2013,3,2,16,37,46,29,63,1000,38,3.5,1023.6,-15.2,0,WSW,2.5,Aotizhongxin
42,2013,3,2,17,44,58,45,77,1200,30,2.2,1023.4,-13.6,0,SSE,0.4,Aotizhongxin
43,2013,3,2,18,54,79,50,80,1100,24,1.2,1023.2,-12.3,0,W,0.9,Aotizhongxin
44,2013,3,2,19,61,86,50,97,1300,10,1.5,1022.9,-13.8,0,NE,1.2,Aotizhongxin
45,2013,3,2,20,67,96,54,108,1399,2,1.2,1022.9,-14.1,0,NNE,1.2,Aotizhongxin
46,2013,3,2,21,74,103,72,107,1399,2,0.6,1022.6,-14.2,0,NE,1.3,Aotizhongxin
47,2013,3,2,22,81,113,84,110,1500,3,-0.6,1022.3,-13.9,0,NNE,1.4,Aotizhongxin
48,2013,3,2,23,93,120,87,107,1700,2,-0.8,1021.1,-13.4,0,N,1.3,Aotizhongxin
49,2013,3,3,0,112,130,73,100,1899,2,-1.4,1020.4,-13,0,NNE,1.2,Aotizhongxin
50,2013,3,3,1,109,132,80,101,2200,2,-2,1019.4,-13.2,0,NE,1.2,Aotizhongxin
51,2013,3,3,2,110,132,98,99,2399,2,-2.8,1018.3,-12.3,0,NE,1.4,Aotizhongxin
52,2013,3,3,3,105,129,88,100,2500,2,-2.6,1017.2,-13.2,0,NE,1.2,Aotizhongxin
53,2013,3,3,4,106,136,79,92,2799,2,-4.3,1016.9,-11.8,0,NNE,0.9,Aotizhongxin
54,2013,3,3,5,101,135,64,87,2399,2,-5.6,1016.3,-10.9,0,N,0.8,Aotizhongxin
55,2013,3,3,6,91,142,67,87,2100,2,-5.8,1016.2,-11,0,NNE,0.8,Aotizhongxin
56,2013,3,3,7,79,116,83,91,2000,2,-3.1,1016.5,-11.1,0,NE,1.5,Aotizhongxin
57,2013,3,3,8,77,110,123,90,2299,2,0.7,1016.2,-13,0,NNE,2.3,Aotizhongxin
58,2013,3,3,9,83,119,135,90,2600,3,3.5,1015.8,-13.8,0,NNE,0.4,Aotizhongxin
59,2013,3,3,10,94,122,116,90,1800,9,6.5,1014.9,-13.2,0,N,1.3,Aotizhongxin
60,2013,3,3,11,96,117,89,93,1600,14,11.4,1013.8,-10.8,0,ESE,0.9,Aotizhongxin
61,2013,3,3,12,91,108,77,99,1600,14,13.8,1012.5,-13.3,0,W,1.1,Aotizhongxin
62,2013,3,3,13,98,134,50,81,1200,33,16,1011.5,-13.5,0,W,5.9,Aotizhongxin
63,2013,3,3,14,72,106,31,57,900,51,16.7,1010.8,-14,0,WNW,4.3,Aotizhongxin
64,2013,3,3,15,48,114,14,17,500,77,16.9,1010.5,-12.7,0,WNW,2,Aotizhongxin
65,2013,3,3,16,28,100,12,17,400,77,16.4,1010.6,-15.4,0,NW,2.9,Aotizhongxin
66,2013,3,3,17,26,103,9,19,400,73,13.1,1011.1,-10.1,0,WSW,1.7,Aotizhongxin
67,2013,3,3,18,24,82,8,27,500,66,8.7,1012.3,-11.3,0,NW,1.6,Aotizhongxin
68,2013,3,3,19,19,71,26,98,1300,11,12.2,1013.4,-13.7,0,NNW,2,Aotizhongxin
69,2013,3,3,20,60,175,64,135,2000,4,11.7,1013.5,-12.6,0,N,0.9,Aotizhongxin
70,2013,3,3,21,117,181,28,100,1100,5,5.3,1013.6,-10.9,0,N,0,Aotizhongxin
71,2013,3,3,22,54,105,28,90,1200,2,3.1,1014.1,-10.2,0,NNE,1.8,Aotizhongxin
72,2013,3,3,23,46,94,29,84,1200,2,5.2,1014.8,-10.6,0,NNW,1.7,Aotizhongxin
73,2013,3,4,0,42,83,51,86,1300,4,7.7,1015.7,-11.1,0,N,2.6,Aotizhongxin
74,2013,3,4,1,49,80,39,64,1000,25,8.2,1016.7,-11.7,0,N,2.8,Aotizhongxin
75,2013,3,4,2,34,62,NA,14,300,68,8.1,1016.7,-11.8,0,N,4.3,Aotizhongxin
76,2013,3,4,3,12,34,6,12,NA,77,7.2,1016.9,-11.6,0,N,2.8,Aotizhongxin
77,2013,3,4,4,7,18,14,NA,400,42,6,1018,-11.6,0,NNW,1,Aotizhongxin
78,2013,3,4,5,10,24,18,45,400,40,2.7,1018.6,-10.9,0,SSE,0.5,Aotizhongxin
79,2013,3,4,6,13,32,24,65,500,22,3.8,1018.9,-11.4,0,N,2.3,Aotizhongxin
80,2013,3,4,7,14,36,30,70,600,17,6.5,1019.7,-10.7,0,N,2.3,Aotizhongxin
81,2013,3,4,8,13,35,38,70,700,21,9,1020.7,-12.2,0,NE,3.1,Aotizhongxin
82,2013,3,4,9,15,32,26,36,500,52,10.6,1020.8,-12.1,0,NNE,1.3,Aotizhongxin
83,2013,3,4,10,16,24,22,36,600,57,11.9,1020.4,-12.4,0,NE,2.1,Aotizhongxin
84,2013,3,4,11,18,33,18,27,400,68,13.1,1020,-13,0,NE,3,Aotizhongxin
85,2013,3,4,12,13,28,12,14,400,77,14.2,1018.9,-13.9,0,N,2.7,Aotizhongxin
86,2013,3,4,13,3,12,7,12,300,82,15.3,1017.8,-13,0,S,2,Aotizhongxin
87,2013,3,4,14,3,10,8,13,400,84,15.2,1017,-13.1,0,SW,0.7,Aotizhongxin
88,2013,3,4,15,10,13,9,15,400,84,15.3,1016.3,-13,0,SSW,2.4,Aotizhongxin
89,2013,3,4,16,14,20,10,34,500,70,14.5,1015.7,-13.7,0,S,2.6,Aotizhongxin
90,2013,3,4,17,20,33,14,40,500,78,12.7,1015.9,-11.8,0,SW,2.6,Aotizhongxin
91,2013,3,4,18,25,44,13,43,600,75,11.6,1016.5,-11.3,0,SSW,3.4,Aotizhongxin
92,2013,3,4,19,31,63,17,61,700,53,10.9,1016.6,-10.6,0,SW,3.5,Aotizhongxin
93,2013,3,4,20,34,84,18,76,800,40,9.9,1016.9,-10.3,0,SSW,3.1,Aotizhongxin
94,2013,3,4,21,40,85,40,76,800,39,8.4,1016.9,-10,0,SSW,2.1,Aotizhongxin
95,2013,3,4,22,51,91,46,85,1000,31,8.6,1016.3,-9.9,0,SSW,2.4,Aotizhongxin
96,2013,3,4,23,58,94,46,86,1100,84,7.7,1015.7,-9.3,0,SW,2.1,Aotizhongxin
97,2013,3,5,0,71,108,66,78,1100,84,4.7,1015.2,-9.1,0,SW,1.6,Aotizhongxin
98,2013,3,5,1,91,127,75,75,1200,84,1.1,1014.7,-7.9,0,SW,0,Aotizhongxin
99,2013,3,5,2,100,129,58,79,1200,84,-0.6,1014.4,-8.1,0,S,0,Aotizhongxin
100,2013,3,5,3,103,130,66,83,1399,84,0.2,1014,-8.8,0,NE,1.2,Aotizhongxin
101,2013,3,5,4,115,151,76,92,2299,84,1.8,1013.7,-9.5,0,NE,1.5,Aotizhongxin
102,2013,3,5,5,117,153,91,91,2399,84,0.6,1013.9,-9.4,0,N,0.8,Aotizhongxin
103,2013,3,5,6,104,145,94,89,2200,84,-0.2,1013.4,-8.6,0,NE,1.3,Aotizhongxin
104,2013,3,5,7,106,146,82,87,2299,84,2.9,1013.4,-9.1,0,NNE,1.3,Aotizhongxin
105,2013,3,5,8,111,147,101,87,2399,84,5.1,1013.4,-9.1,0,NNE,1.2,Aotizhongxin
106,2013,3,5,9,114,159,114,92,2899,84,7.7,1012.8,-8.4,0,NNE,1.5,Aotizhongxin
107,2013,3,5,10,131,177,107,104,2700,84,9.4,1012,-8.2,0,NE,1.5,Aotizhongxin
108,2013,3,5,11,138,184,109,115,2299,84,10.6,1011.1,-8.1,0,NNE,1.4,Aotizhongxin
109,2013,3,5,12,142,184,104,136,2299,15,11.9,1009.7,-7.5,0,NNW,1.3,Aotizhongxin
110,2013,3,5,13,163,193,94,147,2200,84,12.6,1008.5,-8,0,N,1,Aotizhongxin
111,2013,3,5,14,168,182,85,158,2100,84,13.5,1007.7,-7.8,0,NNE,1.4,Aotizhongxin
112,2013,3,5,15,165,171,85,172,2200,78,13.8,1007.2,-7.6,0,NE,1.2,Aotizhongxin
113,2013,3,5,16,166,186,97,194,2700,78,13.2,1007.1,-7,0,NE,2,Aotizhongxin
114,2013,3,5,17,190,218,101,204,2799,75,12.1,1007.7,-6.4,0,NNE,1.6,Aotizhongxin
115,2013,3,5,18,203,248,107,197,2500,53,9,1008.2,-5.7,0,NE,1.4,Aotizhongxin
116,2013,3,5,19,210,255,103,188,2200,40,5.3,1008.5,-4.8,0,ESE,0,Aotizhongxin
117,2013,3,5,20,205,244,106,189,2500,39,3.3,1008.7,-4.7,0,N,0.2,Aotizhongxin
118,2013,3,5,21,215,252,93,178,3100,31,2.9,1009,-4.6,0,NNE,1.2,Aotizhongxin
119,2013,3,5,22,219,253,92,169,3200,29,5.2,1008.9,-6.1,0,NE,1.1,Aotizhongxin
120,2013,3,5,23,226,269,147,184,4400,29,4.9,1008.4,-6.1,0,NE,1.4,Aotizhongxin
121,2013,3,6,0,284,315,133,174,4000,28,4.9,1008.5,-6.4,0,NE,1.2,Aotizhongxin
122,2013,3,6,1,272,300,131,166,4000,22,4.8,1008.3,-5.9,0,NE,1.5,Aotizhongxin
123,2013,3,6,2,242,265,109,146,3200,22,4.1,1007.8,-5.9,0,NE,1.9,Aotizhongxin
124,2013,3,6,3,212,229,90,141,2600,22,4,1007.6,-6.3,0,NE,1.9,Aotizhongxin
125,2013,3,6,4,192,203,83.6808,140.4252,NA,22,3.9,1007.3,-6.1,0,NE,1.4,Aotizhongxin
126,2013,3,6,5,188,194,92,143,2500,22,4.1,1007.8,-5.7,0,NE,1.6,Aotizhongxin
127,2013,3,6,6,186,194,94,131,2600,22,4.5,1008.4,-5.3,0,NE,2,Aotizhongxin
128,2013,3,6,7,188,196,92,129,2700,22,5.7,1009.3,-5,0,NE,1.7,Aotizhongxin
129,2013,3,6,8,194,205,102,113,2500,22,6.6,1009.3,-4.8,0,NE,1.7,Aotizhongxin
130,2013,3,6,9,184,198,98,102,2399,22,7.5,1009.1,-4.6,0,NE,1.7,Aotizhongxin
131,2013,3,6,10,175,198,107,103,2600,22,8.7,1008.6,-4.5,0,NE,1.5,Aotizhongxin
132,2013,3,6,11,179,212,119,105,2399,22,10.1,1007.7,-4.7,0,NE,1.4,Aotizhongxin
133,2013,3,6,12,192,219,124,113,2299,22,11.1,1006.9,-4.2,0,ENE,0.4,Aotizhongxin
134,2013,3,6,13,201,233,126,136,2700,22,12.6,1005.8,-3.7,0,WSW,1.5,Aotizhongxin
135,2013,3,6,14,230,265,130,146,2799,14,14.5,1005.5,-3.3,0,SSE,1.6,Aotizhongxin
136,2013,3,6,15,246,277,140,157,2899,10,14.7,1005.5,-3.2,0,SSW,2.5,Aotizhongxin
137,2013,3,6,16,248,285,154,146,2799,17,14.2,1005.5,-3.2,0,S,1.4,Aotizhongxin
138,2013,3,6,17,230,276,145,171,3200,17,11.6,1005.9,-3.4,0,SSW,1.1,Aotizhongxin
139,2013,3,6,18,239,291,142,177,3500,17,6.8,1006.8,-2.9,0,WSW,0.9,Aotizhongxin
140,2013,3,6,19,242,338,124,164,3700,17,5.1,1007.6,-2.5,0,WSW,1.2,Aotizhongxin
141,2013,3,6,20,254,396,107,154,4200,17,4.4,1008.2,-2.5,0,SSW,1.1,Aotizhongxin
142,2013,3,6,21,266,380,117,159,3799,17,3.8,1007.7,-2.2,0,WSW,1.9,Aotizhongxin
143,2013,3,6,22,254,335,111,148,4099,17,2.4,1007.3,-2.5,0,WSW,1.2,Aotizhongxin
144,2013,3,6,23,260,360,119,145,4000,17,2.3,1007.2,-2.4,0,NNE,1.3,Aotizhongxin
145,2013,3,7,0,250,319,102,139,4000,17,1.5,1007.1,-2.6,0,NNE,0.8,Aotizhongxin
146,2013,3,7,1,240,297,91,127,4000,17,0.7,1007.1,-2.7,0,SE,1.2,Aotizhongxin
147,2013,3,7,2,238,294,83,133,4000,17,1.5,1006.9,-2.5,0,NNE,0.6,Aotizhongxin
148,2013,3,7,3,243,293,86,121,4099,17,0.3,1006.5,-2.7,0,WNW,1.7,Aotizhongxin
149,2013,3,7,4,246,304,57,113,5000,17,-0.9,1006.4,-3.3,0,N,0.5,Aotizhongxin
150,2013,3,7,5,275,337,46,103,5599,17,1.6,1006.7,-1.5,0,NNE,1.7,Aotizhongxin
151,2013,3,7,6,306,366,41,114,5700,17,0.3,1006.6,-2.7,0,SW,0.4,Aotizhongxin
152,2013,3,7,7,320,374,46,124,4599,17,2.4,1006.8,-1.4,0,NNE,1.5,Aotizhongxin
153,2013,3,7,8,292,344,78,106,3700,17,8.3,1006.5,-1,0,NNE,0.8,Aotizhongxin
154,2013,3,7,9,251,282,182,116,3299,17,10.1,1006.1,-0.7,0,W,0.6,Aotizhongxin
155,2013,3,7,10,228,255,166,135,3200,17,12.7,1005.5,-1.6,0,ENE,1.2,Aotizhongxin
156,2013,3,7,11,217,255,169,171,4000,17,16.5,1003.6,-1.6,0,WSW,1.7,Aotizhongxin
157,2013,3,7,12,255,311,154,201,4000,17,17.1,1001.6,-3.1,0,SSW,3.7,Aotizhongxin
158,2013,3,7,13,258,283,111,226,3700,17,17.7,1000.2,-3.2,0,SW,3.1,Aotizhongxin
159,2013,3,7,14,277,284,102,167,2899,39,18.3,998.6,-3.2,0,SSW,3.6,Aotizhongxin
160,2013,3,7,15,282,326,79,130,2399,61,18.6,997.6,-1.8,0,SSW,3.3,Aotizhongxin
161,2013,3,7,16,267,310,62,97,1899,80,17.9,997.2,-0.9,0,SW,1.9,Aotizhongxin
162,2013,3,7,17,216,257,64,86,1600,84,15.4,997.1,-1.7,0,NNW,1.4,Aotizhongxin
163,2013,3,7,18,201,255,76,125,1899,84,14.4,997.4,-2.5,0,N,1.9,Aotizhongxin
164,2013,3,7,19,211,287,79,173,2399,10,13.4,997.9,-2.6,0,NNE,1.5,Aotizhongxin
165,2013,3,7,20,227,298,99,207,3399,84,11.8,997.7,-2.1,0,NE,1.5,Aotizhongxin
166,2013,3,7,21,282,377,114,213,4000,84,9.2,997.9,-1.3,0,NNE,1.4,Aotizhongxin
167,2013,3,7,22,363,452,126,210,4000,84,7.5,998.3,-1.2,0,NE,1.3,Aotizhongxin
168,2013,3,7,23,376,426,128,209,3799,84,6.6,998.4,-0.9,0,E,0.1,Aotizhongxin
169,2013,3,8,0,344,389,107,195,3799,84,4.1,998.2,-1.3,0,ESE,0,Aotizhongxin
170,2013,3,8,1,339,370,90,177,4099,84,3.3,998.5,-1.7,0,N,0.9,Aotizhongxin
171,2013,3,8,2,339,400,NA,162,3899,84,2.5,998.2,-1.9,0,SW,0.8,Aotizhongxin
172,2013,3,8,3,324,373,71,154,NA,84,1.8,997.9,-1.8,0,N,0,Aotizhongxin
173,2013,3,8,4,322,345,62,NA,3299,84,1.3,998.5,-1.8,0,W,1,Aotizhongxin
174,2013,3,8,5,315,346,47,144,3200,84,1.4,999,-1.5,0,SW,0.8,Aotizhongxin
175,2013,3,8,6,310,327,45,146,3299,84,1.1,999.7,-1.8,0,WSW,0.8,Aotizhongxin
176,2013,3,8,7,309,318,44,145,4099,84,5.7,1000.4,0.5,0,NNE,1,Aotizhongxin
177,2013,3,8,8,310,337,88,137,4900,84,10.9,1000.8,1.4,0,SE,0.7,Aotizhongxin
178,2013,3,8,9,326,371,144,149,5200,84,16.9,1001.1,-0.4,0,E,1,Aotizhongxin
179,2013,3,8,10,326,844,125.9496,179.2269,NA,84,19.1,1000.9,-0.4,0,SSW,1.9,Aotizhongxin
180,2013,3,8,11,219,362,83,160,3100,84,20.5,1000.5,-3.3,0,SSW,4.4,Aotizhongxin
181,2013,3,8,12,104,194,37,101,1399,84,21.7,999.4,-2.3,0,S,3,Aotizhongxin
182,2013,3,8,13,121,225,40,96,1300,84,22.5,998.2,-2.3,0,S,3.3,Aotizhongxin
183,2013,3,8,14,184,348,49,104,1800,84,17.4,998.3,1.4,0,ESE,4.5,Aotizhongxin
184,2013,3,8,15,330,508,102,139,3600,84,13.9,999.5,1.2,0,ESE,2.7,Aotizhongxin
185,2013,3,8,16,172,284,84,84,1700,84,11.9,1000.2,0,0,ESE,2.6,Aotizhongxin
186,2013,3,8,17,114,181,68,68,1100,68,10.3,999.9,-0.5,0,SE,2.8,Aotizhongxin
187,2013,3,8,18,82,128,55,63,900,68,9.3,1000.6,-0.9,0,S,1.4,Aotizhongxin
188,2013,3,8,19,84,123,46,73,1100,68,8,1000.5,-0.3,0,NE,0.8,Aotizhongxin
189,2013,3,8,20,91,104,48,65,1000,68,7.9,1000.4,-1.6,0,SSW,1.4,Aotizhongxin
190,2013,3,8,21,81,87,43,61,1100,68,7.2,1000,-1.5,0,ENE,1.6,Aotizhongxin
191,2013,3,8,22,90,102,45,68,1399,68,6.3,999,-3.4,0,E,0.9,Aotizhongxin
192,2013,3,8,23,79,85,53,63,1500,68,5.7,997.7,-3.4,0,SSW,1,Aotizhongxin
193,2013,3,9,0,49,67,53,70,1600,68,3.6,996.1,-2.6,0,W,0.6,Aotizhongxin
194,2013,3,9,1,89,91,54,84,1899,68,2.1,994.9,-2.6,0,W,1.1,Aotizhongxin
195,2013,3,9,2,89,97,44,97,2299,68,1.4,994.1,-3.1,0,N,0,Aotizhongxin
196,2013,3,9,3,98,125,42,94,2299,68,1.1,993,-3.2,0,NE,1.4,Aotizhongxin
197,2013,3,9,4,97,118,52,97,2399,68,1.8,992,-2.3,0,E,0,Aotizhongxin
198,2013,3,9,5,102,123,52,93,2500,68,3.2,992,-2.8,0,NE,1.3,Aotizhongxin
199,2013,3,9,6,110,153,44,83,2600,68,2.8,992.2,-2.5,0,NE,1,Aotizhongxin
200,2013,3,9,7,108,143,51,85,2100,68,4.6,992.9,-2.1,0,NE,1.8,Aotizhongxin
201,2013,3,9,8,104,139,70,82,2100,68,8.4,994.1,-1.7,0,E,2.6,Aotizhongxin
202,2013,3,9,9,113,166,108,86,1899,68,16.3,995.9,-0.4,0,NNW,3.3,Aotizhongxin
203,2013,3,9,10,145,272,122,86,2200,68,16.7,998.3,-4.6,0,NNW,7.7,Aotizhongxin
204,2013,3,9,11,69,587,50,21,400,68,14.3,1001.3,-9.1,0,NNW,7.4,Aotizhongxin
205,2013,3,9,12,78,NA,10,10,300,68,12.4,1004.3,-14.4,0,NW,7.9,Aotizhongxin
206,2013,3,9,13,49,628,4,7,300,76,10.3,1006.5,-17,0,NNW,7.2,Aotizhongxin
207,2013,3,9,14,47,662,3,6,300,81,10.5,1008.1,-16.8,0,NNW,6.7,Aotizhongxin
208,2013,3,9,15,28,443,3,8,300,81,10.2,1009.4,-17.1,0,N,3.9,Aotizhongxin
209,2013,3,9,16,21,263,3,9,300,81,10.5,1010.8,-17.8,0,N,4.8,Aotizhongxin
210,2013,3,9,17,14,251,4,9,300,81,8.6,1013,-18.3,0,NNE,4.8,Aotizhongxin
211,2013,3,9,18,17,205,4,10,300,81,7.4,1015.9,-19.3,0,NNE,4.8,Aotizhongxin
212,2013,3,9,19,15,107,5,10,400,81,6.4,1018.1,-18.4,0,N,3.5,Aotizhongxin
213,2013,3,9,20,18,104,4,7,400,82,5.6,1019.7,-18.3,0,N,4.5,Aotizhongxin
214,2013,3,9,21,12,58,4,8,400,82,4.8,1020.3,-17.6,0,N,3.3,Aotizhongxin
215,2013,3,9,22,11,34,6,8,300,82,3.8,1021.2,-17.8,0,NNE,1.2,Aotizhongxin
216,2013,3,9,23,6,19,8,10,400,82,0.8,1021.3,-14.1,0,SSE,0.6,Aotizhongxin
217,2013,3,10,0,11,15,6,16,400,82,-0.5,1020.8,-13.4,0,N,0,Aotizhongxin
218,2013,3,10,1,11,16,10,25,400,82,-0.2,1021.1,-11.6,0,W,1,Aotizhongxin
219,2013,3,10,2,6,18,14,41,400,82,-2.1,1020.9,-11.7,0,NNE,0.7,Aotizhongxin
220,2013,3,10,3,10,25,17,55,500,82,-2,1021.1,-11.8,0,NNW,1.2,Aotizhongxin
221,2013,3,10,4,18,63,17,76,500,82,-1.3,1021.9,-14.8,0,NNE,0,Aotizhongxin
222,2013,3,10,5,21,35,18,80,700,82,-1.8,1022,-10.9,0,W,1.7,Aotizhongxin
223,2013,3,10,6,18,21,21,73,800,82,-2,1022.5,-11.8,0,N,0,Aotizhongxin
224,2013,3,10,7,24,46,21,82,1500,82,3.5,1023.2,-14.7,0,SSW,2.3,Aotizhongxin
225,2013,3,10,8,31,74,33,84,1300,82,5.3,1023.5,-15.9,0,SW,4.6,Aotizhongxin
226,2013,3,10,9,26,75,34,69,900,82,6.8,1023.1,-15.9,0,SSW,5.2,Aotizhongxin
227,2013,3,10,10,27,63,28,55,700,82,8.3,1022.4,-14.7,0,SSW,4.6,Aotizhongxin
228,2013,3,10,11,30,59,20,40,800,82,9.8,1021.9,-14.2,0,S,2.7,Aotizhongxin
229,2013,3,10,12,28,56,21,34,700,82,10.4,1021,-14.4,0,SSW,0.4,Aotizhongxin
230,2013,3,10,13,34,52,20,30,600,82,11.2,1020,-13.8,0,S,2.8,Aotizhongxin
231,2013,3,10,14,28,54,17,28,500,82,11.4,1019,-13.6,0,SSW,4,Aotizhongxin
232,2013,3,10,15,37,71,17,27,500,82,11.3,1018.7,-14.5,0,SW,4.5,Aotizhongxin
233,2013,3,10,16,36,94,18,26,500,84,10.4,1018.3,-13.7,0,SW,4.1,Aotizhongxin
234,2013,3,10,17,38,117,25,33,500,84,9.1,1018.2,-13.4,0,SSW,4.4,Aotizhongxin
235,2013,3,10,18,44,106,27,34,600,84,8.2,1018.5,-12.3,0,SSW,2.6,Aotizhongxin
236,2013,3,10,19,60,102,28,39,700,84,7.7,1018.8,-11.1,0,SSW,2.3,Aotizhongxin
237,2013,3,10,20,70,115,33,61,800,84,7.4,1018.8,-10.9,0,S,3.5,Aotizhongxin
238,2013,3,10,21,64,114,28,62,800,84,6.5,1018.9,-10.3,0,SSW,2.7,Aotizhongxin
239,2013,3,10,22,70,123,31,60,900,84,5.9,1018.5,-10,0,SW,2.4,Aotizhongxin
240,2013,3,10,23,81,140,46,62,1000,84,3,1018.7,-9,0,SSW,0.9,Aotizhongxin
241,2013,3,11,0,90,147,55,69,1100,84,0.3,1018.5,-8.7,0,SW,1.4,Aotizhongxin
242,2013,3,11,1,95,156,57,78,1100,84,-0.7,1018,-7.3,0,SW,0.7,Aotizhongxin
243,2013,3,11,2,95,140,53,76,1100,84,-1.7,1017.4,-7,0,WNW,0.5,Aotizhongxin
244,2013,3,11,3,96,138,56,78,1100,84,-2.1,1017.2,-6.5,0,N,0.6,Aotizhongxin
245,2013,3,11,4,97,140,55,80,1100,84,-1.6,1016.9,-7.9,0,NNE,1.1,Aotizhongxin
246,2013,3,11,5,106,146,49,76,1200,84,-2.3,1016.9,-8,0,SE,0.1,Aotizhongxin
247,2013,3,11,6,114,147,40,76,1600,84,-2.1,1017,-8,0,NE,0.9,Aotizhongxin
248,2013,3,11,7,112,155,62,77,2100,84,1.3,1017.4,-8.3,0,NNE,1.9,Aotizhongxin
249,2013,3,11,8,113,184,71,77,2600,84,3.1,1017.5,-8.6,0,NE,1.8,Aotizhongxin
250,2013,3,11,9,120,196,96,89,2500,84,4.6,1016.8,-8.2,0,NE,1.8,Aotizhongxin
251,2013,3,11,10,141,205,102,97,2500,84,6.7,1016,-8.1,0,NNE,1.4,Aotizhongxin
252,2013,3,11,11,140,198,96,105,2299,84,7.6,1015,-8.1,0,N,1.3,Aotizhongxin
253,2013,3,11,12,149,207,99,118,2200,84,9.7,1013.4,-7.5,0,NNW,1.6,Aotizhongxin
254,2013,3,11,13,150,189,114,124,2100,84,11.3,1012.3,-7.1,0,S,3.5,Aotizhongxin
255,2013,3,11,14,114,151,99,80,1100,84,11.4,1010.9,-7.5,0,SSE,2.5,Aotizhongxin
256,2013,3,11,15,106,133,96,69,1000,84,10.7,1010.3,-6.2,0,SSW,2.1,Aotizhongxin
257,2013,3,11,16,113,162,109,76,1100,76,10.4,1009.5,-6.5,0,SSW,3.4,Aotizhongxin
258,2013,3,11,17,132,198,148,90,1700,76,9.7,1009.7,-5.8,0,SSW,2.1,Aotizhongxin
259,2013,3,11,18,149,253,161,100,2100,71,9.7,1009.8,-5.1,0,S,2,Aotizhongxin
260,2013,3,11,19,144,233,90,98,1500,51,9.6,1010,-4.4,0,S,1.5,Aotizhongxin
261,2013,3,11,20,156,214,103,116,1899,47,9.8,1010.4,-2.8,0,SSE,1.3,Aotizhongxin
262,2013,3,11,21,174,246,124,121,2200,47,9.6,1009.8,-2.7,0,SSW,1.5,Aotizhongxin
263,2013,3,11,22,152,196,88,109,1600,47,9.3,1009.2,-4,0,SSW,1.5,Aotizhongxin
264,2013,3,11,23,113,145,62,97,1300,47,8.6,1008,-4.6,0,SSE,1.1,Aotizhongxin
265,2013,3,12,0,89,124,50,80,1100,47,6.3,1007.5,-2.8,0,WNW,1,Aotizhongxin
266,2013,3,12,1,106,161,56,91,1600,47,4.8,1006.8,-2.8,0,SSE,0,Aotizhongxin
267,2013,3,12,2,125,159,56,86,1899,47,5.3,1005.8,-1,0,ESE,0.2,Aotizhongxin
268,2013,3,12,3,117,127,73,81,NA,47,6.4,1005.8,-1,0.1,N,2.2,Aotizhongxin
269,2013,3,12,4,112,140,68,81,1399,47,4.3,1006.3,1.5,0.4,E,0.9,Aotizhongxin
270,2013,3,12,5,140,237,34,74,2100,47,4.7,1006.1,1.5,0.1,NNE,1.3,Aotizhongxin
271,2013,3,12,6,146,165,22,66,2100,47,4.1,1006.2,2.6,0.9,W,1,Aotizhongxin
272,2013,3,12,7,115,121,21,77,2100,47,3.5,1006.9,2.2,0.9,NW,1.4,Aotizhongxin
273,2013,3,12,8,120,122,17,78,1600,47,3.1,1006.9,1.9,0.4,N,1.5,Aotizhongxin
274,2013,3,12,9,116,90,16,76,1600,47,3.4,1006.6,2.2,0,NNE,1.3,Aotizhongxin
275,2013,3,12,10,123,94,16,71,1700,47,3.7,1006.8,2.2,0,N,0.9,Aotizhongxin
276,2013,3,12,11,130,104,16,69,1800,47,4.4,1006.5,2.6,0,NNE,1.4,Aotizhongxin
277,2013,3,12,12,132,87,14,75,1600,47,4.8,1006.8,2.2,0,N,1.5,Aotizhongxin
278,2013,3,12,13,129,84,15,68,1500,47,5.3,1006.6,2.8,0.1,NE,1.8,Aotizhongxin
279,2013,3,12,14,139,102,15,67,1600,47,5.6,1007.1,2.9,0,NNE,1.6,Aotizhongxin
280,2013,3,12,15,135,93,15,63,1600,39,6.4,1007.6,3.2,0,N,1.5,Aotizhongxin
281,2013,3,12,16,133,102,17,63,1500,28,6.6,1008.1,3.2,0,S,0.6,Aotizhongxin
282,2013,3,12,17,141,107,19,70,1600,21,6.4,1009.4,3.4,0,E,1.4,Aotizhongxin
283,2013,3,12,18,124,131,21,79,1800,20,5.8,1011.1,3.1,0,E,0.4,Aotizhongxin
284,2013,3,12,19,137,140,20,75,2000,12,3.3,1012.5,2.1,0,WSW,0.5,Aotizhongxin
285,2013,3,12,20,160,140,17,74,1800,12,2.9,1014.1,2.2,0,N,0.7,Aotizhongxin
286,2013,3,12,21,140,101,16,68,1700,12,3.6,1015.5,2.6,0,NNE,0.8,Aotizhongxin
287,2013,3,12,22,88,31,16,63,1100,12,1.9,1016.7,1.3,0,N,1.2,Aotizhongxin
288,2013,3,12,23,50,50,30,54,800,17,3.8,1017.7,-5.7,0,NNE,0.9,Aotizhongxin
289,2013,3,13,0,22,22,28,21,400,56,3.4,1018.5,-7.1,0,NNW,0.9,Aotizhongxin
290,2013,3,13,1,10,10,16,14,300,68,2.7,1018.9,-9,0,NNE,2.1,Aotizhongxin
291,2013,3,13,2,10,10,12,16,300,68,2.8,1019.3,-8.9,0,N,2.4,Aotizhongxin
292,2013,3,13,3,7,7,11,15,300,69,2.4,1019.7,-8.6,0,N,1.3,Aotizhongxin
293,2013,3,13,4,11,11,11,16,400,69,0.3,1020.5,-7.5,0,NW,0.9,Aotizhongxin
294,2013,3,13,5,3,6,13,20,400,69,-0.9,1021,-8.1,0,NNE,0.9,Aotizhongxin
295,2013,3,13,6,3,6,17,24,500,69,0.8,1022.2,-8.5,0,NNE,1.6,Aotizhongxin
296,2013,3,13,7,3,8,21,40,600,69,3.7,1023.3,-10,0,NNE,2.9,Aotizhongxin
297,2013,3,13,8,8,18,35,62,700,69,4.8,1024.6,-13.6,0,NNE,3.3,Aotizhongxin
298,2013,3,13,9,20,24,27,43,600,69,5.5,1025.2,-10.7,0,ENE,3.9,Aotizhongxin
299,2013,3,13,10,16,25,22,32,500,69,6.4,1025.2,-11.3,0,ENE,2.6,Aotizhongxin
300,2013,3,13,11,14,6,14,26,400,69,6.6,1024.4,-12.6,0,NE,3.6,Aotizhongxin
301,2013,3,13,12,12,6,10,19,400,71,7.6,1023.7,-11.7,0,ENE,3.5,Aotizhongxin
302,2013,3,13,13,17,6,11,24,400,71,8.5,1022.9,-13.2,0,E,2.3,Aotizhongxin
303,2013,3,13,14,15,6,10,19,400,77,9.5,1022.2,-14.4,0,NE,1.6,Aotizhongxin
304,2013,3,13,15,3,9,11,24,400,77,9.7,1021.7,-13.5,0,SW,2,Aotizhongxin
305,2013,3,13,16,3,6,11,26,400,77,9.1,1021.9,-12.1,0,S,1.8,Aotizhongxin
306,2013,3,13,17,3,11,12,37,500,77,7.1,1022.3,-10.7,0,SSW,2.7,Aotizhongxin
307,2013,3,13,18,23,38,12,52,600,77,6.1,1022.8,-9,0,SSW,2.5,Aotizhongxin
308,2013,3,13,19,31,59,15,64,700,77,5.5,1023.5,-8.8,0,S,1.5,Aotizhongxin
309,2013,3,13,20,37,47,16,64,700,77,5,1023.7,-9.6,0,SSW,2.9,Aotizhongxin
310,2013,3,13,21,35,39,16,67,700,77,4.8,1024,-8.7,0,SSW,3.2,Aotizhongxin
311,2013,3,13,22,37,39,18,67,700,77,4,1023.8,-8.1,0,SSW,3.2,Aotizhongxin
312,2013,3,13,23,42,45,21,74,800,77,2.9,1024.1,-5.5,0,S,2.3,Aotizhongxin
313,2013,3,14,0,62,113,19,71,1100,77,2.5,1024.2,-3.8,0,SSW,2.4,Aotizhongxin
314,2013,3,14,1,71,88,11,67,1399,77,1.6,1024.5,-4.1,0,SSW,1,Aotizhongxin
315,2013,3,14,2,60,66,10,65,1399,77,1.3,1023.9,-4.6,0,SSW,1.5,Aotizhongxin
316,2013,3,14,3,65,53,11,60,1200,77,-0.1,1023.8,-4.7,0,WNW,0.5,Aotizhongxin
317,2013,3,14,4,49,53,12,57,1200,77,-0.5,1023.9,-3.9,0,NE,2.4,Aotizhongxin
318,2013,3,14,5,72,77,12,67,1500,77,-0.8,1024.3,-4,0,NNE,1.9,Aotizhongxin
319,2013,3,14,6,73,75,10,64,1600,77,-0.8,1024.3,-4.2,0,NNE,2.2,Aotizhongxin
320,2013,3,14,7,69,77,10,55,1399,77,-0.4,1024.6,-4.1,0,NE,2.1,Aotizhongxin
321,2013,3,14,8,72,81,11,54,1500,77,0.5,1024.9,-4.2,0,NW,2.3,Aotizhongxin
322,2013,3,14,9,84,95,22,57,1500,77,2.2,1024.3,-4.1,0,NW,1.5,Aotizhongxin
323,2013,3,14,10,101,117,57,61,1600,77,3.9,1023.4,-3.9,0,WSW,1.7,Aotizhongxin
324,2013,3,14,11,111,112,67,66,1600,77,5.5,1022.3,-3.6,0,S,1.2,Aotizhongxin
325,2013,3,14,12,97,125,61,77,1700,77,7.2,1021.3,-3.7,0,SW,3.4,Aotizhongxin
326,2013,3,14,13,104,117,65,78,1399,77,8.7,1020,-3.8,0,S,3.3,Aotizhongxin
327,2013,3,14,14,108,115,111,60,900,74,9.9,1019.4,-4.5,0,SSW,3.8,Aotizhongxin
328,2013,3,14,15,105,112,116,56,1000,74,9.3,1018.7,-4.3,0,S,3.2,Aotizhongxin
329,2013,3,14,16,105,115,112,60,1000,64,8.6,1018.1,-3.9,0,SSW,3.1,Aotizhongxin
330,2013,3,14,17,106,126,113,66,1000,52,7.6,1018.3,-3.6,0,SSW,3.5,Aotizhongxin
331,2013,3,14,18,115,136,99,74,1100,52,6.8,1018.4,-2.9,0,SSW,1.6,Aotizhongxin
332,2013,3,14,19,119,137,74,78,1100,52,6.2,1018.4,-2.7,0,S,1.3,Aotizhongxin
333,2013,3,14,20,115,118,74,97,1200,52,5.9,1018.3,-2,0,SSW,1.3,Aotizhongxin
334,2013,3,14,21,119,130,61,102,1399,52,3.5,1018.4,-1.9,0,WNW,0.6,Aotizhongxin
335,2013,3,14,22,140,158,54,100,1600,52,1.4,1018.2,-1.8,0,SE,0,Aotizhongxin
336,2013,3,14,23,162,179,54,97,1700,52,1.6,1017.7,-1.8,0,ENE,1.1,Aotizhongxin
337,2013,3,15,0,165,176,46,91,1700,52,2.3,1017.8,-2.2,0,NE,1.2,Aotizhongxin
338,2013,3,15,1,180,211,42,80,2700,52,2.4,1017.4,-2.5,0,NE,1.8,Aotizhongxin
339,2013,3,15,2,183,218,44,85,2700,52,2,1016.6,-2.9,0,NE,1.1,Aotizhongxin
340,2013,3,15,3,182,200,42,87,2500,52,1.5,1016.3,-2.8,0,NE,1.6,Aotizhongxin
341,2013,3,15,4,173,189,36,82,2399,52,1,1016.2,-2.6,0,NE,0.8,Aotizhongxin
342,2013,3,15,5,166,177,33,80,2200,52,0.7,1016.1,-2.5,0,NE,1.2,Aotizhongxin
343,2013,3,15,6,163,170,37,79,2100,52,0.6,1016,-2.5,0,NE,1.2,Aotizhongxin
344,2013,3,15,7,137,156,43,75,1899,52,2.4,1016.3,-2.3,0,NNE,1,Aotizhongxin
345,2013,3,15,8,164,174,71,70,2100,52,4.2,1016.5,-2.2,0,NE,1.4,Aotizhongxin
346,2013,3,15,9,172,185,117,75,2200,52,6.4,1015.9,-2.5,0,NNE,1.4,Aotizhongxin
347,2013,3,15,10,173,186,118,75,2000,4,8.1,1015.1,-2,0,SE,1.6,Aotizhongxin
348,2013,3,15,11,3,3,130,76,1600,15,9,1014.2,-2,0,NNW,1.4,Aotizhongxin
349,2013,3,15,12,110,331,125,91,1700,17,10.3,1013.2,-2.1,0,WSW,1.6,Aotizhongxin
350,2013,3,15,13,227,261,118,96,1700,52,12,1011.9,-1.2,0,SE,1.5,Aotizhongxin
351,2013,3,15,14,236,279,107,112,1899,52,12.2,1011.4,-0.7,0,SSW,2.7,Aotizhongxin
352,2013,3,15,15,256,305,102,147,2299,52,12.3,1010.9,-0.3,0,S,2,Aotizhongxin
353,2013,3,15,16,287,343,100,150,2100,43,11.5,1010.9,0.3,0,SW,3.4,Aotizhongxin
354,2013,3,15,17,278,320,91,113,1700,42,10.6,1011.6,0.9,0,SW,1.8,Aotizhongxin
355,2013,3,15,18,269,319,79,96,1700,44,9.1,1012.2,1.5,0,WSW,1,Aotizhongxin
356,2013,3,15,19,286,324,68,104,1800,44,7,1012.5,1.3,0,SSW,1.1,Aotizhongxin
357,2013,3,15,20,304,343,64,126,2000,44,6.3,1013.8,1.4,0,ESE,0,Aotizhongxin
358,2013,3,15,21,312,348,61,132,2100,44,7.1,1014.4,0.7,0,NNW,0.8,Aotizhongxin
359,2013,3,15,22,316,367,63,126,2500,44,7.3,1015.3,0.9,0,NNE,1,Aotizhongxin
360,2013,3,15,23,353,430,77,138,3200,44,7.3,1015.5,0.7,0,NNE,1.5,Aotizhongxin
361,2013,3,16,0,355,411,63,118,3299,44,6.5,1015.6,0.6,0,NE,1.1,Aotizhongxin
362,2013,3,16,1,328,357,49,111,2700,44,5.9,1015.9,0.2,0,NE,1.7,Aotizhongxin
363,2013,3,16,2,308,330,49,113,2399,44,5.9,1016.5,0.2,0,NE,1.5,Aotizhongxin
364,2013,3,16,3,304,332,55,108,NA,44,5.6,1017,0.4,0,WNW,1,Aotizhongxin
365,2013,3,16,4,314,316,51,108,2000,44,3.9,1018,0.6,0,NNE,1.3,Aotizhongxin
366,2013,3,16,5,276,300,47,91,1800,44,5.3,1018.7,0.3,0,N,1.6,Aotizhongxin
367,2013,3,16,6,276,293,50,87,1800,44,4.8,1019.3,0.4,0,NE,1.3,Aotizhongxin
368,2013,3,16,7,275,297,38,84,2100,44,6,1020.1,0.5,0,N,0.2,Aotizhongxin
369,2013,3,16,8,278,294,44,82,2200,44,8.4,1020.7,1.3,0,W,1.1,Aotizhongxin
370,2013,3,16,9,272,289,112,87,2100,44,10.7,1020.9,0.7,0,WSW,1.3,Aotizhongxin
371,2013,3,16,10,264,273,138,90,1899,44,12.6,1020.2,0,0,SW,2.8,Aotizhongxin
372,2013,3,16,11,270,243,109,88,1800,44,13.5,1019.9,-0.2,0,S,1.8,Aotizhongxin
373,2013,3,16,12,227,207,88,84,1899,54,14,1018.5,-0.9,0,SE,2.2,Aotizhongxin
374,2013,3,16,13,183,189,86,70,1899,80,14.1,1017.5,-0.4,0,SSW,2.5,Aotizhongxin
375,2013,3,16,14,166,169,76,61,1700,92,14.5,1016.6,0.3,0,S,2.1,Aotizhongxin
376,2013,3,16,15,150,167,71,62,1700,94,13.6,1015.6,1.2,0,S,2,Aotizhongxin
377,2013,3,16,16,165,212,80,78,2299,94,12.9,1015.1,1.5,0,S,1.9,Aotizhongxin
378,2013,3,16,17,185,204,85,81,2700,94,12.4,1014.8,1.7,0,S,2.1,Aotizhongxin
379,2013,3,16,18,216,217,83,90,2899,94,12,1014.2,2.2,0,SSE,2.4,Aotizhongxin
380,2013,3,16,19,188,217,75,101,2600,94,10.8,1014.7,2.6,0,S,1.2,Aotizhongxin
381,2013,3,16,20,197,223,61,85,2200,94,10,1014.6,2.1,0,S,1.6,Aotizhongxin
382,2013,3,16,21,228,242,56,90,2100,94,9.2,1014.1,1.8,0,SSW,2.7,Aotizhongxin
383,2013,3,16,22,242,204,59,108,2100,94,8.3,1013.4,2.1,0,SSW,1.8,Aotizhongxin
384,2013,3,16,23,210,204,58,92,1800,94,7.8,1012.6,2,0,S,1.5,Aotizhongxin
385,2013,3,17,0,166,192,50,86,1500,94,7.2,1012.2,2.1,0,SSW,1.5,Aotizhongxin
386,2013,3,17,1,162,194,48,90,1700,94,6.5,1011.2,1.8,0,WSW,1.3,Aotizhongxin
387,2013,3,17,2,176,211,45,95,2100,94,5.6,1009.8,2.2,0,WSW,1,Aotizhongxin
388,2013,3,17,3,217,219,43,98,2500,94,6.8,1008.8,2.3,0,WSW,1.4,Aotizhongxin
389,2013,3,17,4,183,195,46,86,2299,94,5.9,1007.9,2.2,0,W,0.6,Aotizhongxin
390,2013,3,17,5,180,188,50,71,2000,94,5.3,1007.5,2.5,0,WNW,0.7,Aotizhongxin
391,2013,3,17,6,184,223,44,85,2200,94,4.2,1006,1.9,0,WSW,0.6,Aotizhongxin
392,2013,3,17,7,206,210,40,83,2200,94,5.6,1005.8,2.1,0,NNE,0.6,Aotizhongxin
393,2013,3,17,8,206,237,39,80,2700,94,7.6,1005.3,2.1,0,WSW,0.6,Aotizhongxin
394,2013,3,17,9,257,259,84,92,2899,94,9.3,1004.7,2.4,0,WSW,0.7,Aotizhongxin
395,2013,3,17,10,267,283,119,104,3100,94,10.6,1003.6,2.7,0,SW,0.8,Aotizhongxin
396,2013,3,17,11,293,321,124,126,3399,94,12.9,1001.9,3,0,E,1.4,Aotizhongxin
397,2013,3,17,12,322,326,126,146,3000,94,14.4,1000.1,2.9,0,SSW,1.2,Aotizhongxin
398,2013,3,17,13,294,347,120,142,2799,94,15.1,998.7,3.2,0,S,2.1,Aotizhongxin
399,2013,3,17,14,332,372,116,124,2700,94,15.9,997.5,3.7,0,S,1.5,Aotizhongxin
400,2013,3,17,15,352,392,113,116,2600,102,15.5,996.6,3.9,0,S,1.8,Aotizhongxin
401,2013,3,17,16,362,383,94,106,2299,105,15.3,996.2,4,0,SW,0.9,Aotizhongxin
402,2013,3,17,17,356,369,92,98,2200,107,14.1,996.1,4.9,0,SSW,0.9,Aotizhongxin
403,2013,3,17,18,344,367,80,105,2200,107,12,996.1,4.5,0,N,0.9,Aotizhongxin
404,2013,3,17,19,357,395,64,136,2500,58,9.3,996.1,4.7,0,NE,0,Aotizhongxin
405,2013,3,17,20,364,390,50,166,2799,107,11.5,996.3,4.7,0,NNE,1.7,Aotizhongxin
406,2013,3,17,21,392,442,61,167,2899,107,10.9,996.2,3.9,0,NE,1.9,Aotizhongxin
407,2013,3,17,22,423,462,64,174,3299,107,10,995.9,4.1,0,NNE,1.5,Aotizhongxin
408,2013,3,17,23,434,455,56,157,3500,107,8.7,996,3.7,0,NE,1.9,Aotizhongxin
409,2013,3,18,0,450,494,48,156,4099,107,9,995.9,2.8,0,N,1.8,Aotizhongxin
410,2013,3,18,1,463,476,45,154,3799,107,8.8,996.3,-1.1,0,NNW,1.1,Aotizhongxin
411,2013,3,18,2,308,476,57,111,2100,107,10.9,996.2,-7.4,0,NNE,2.3,Aotizhongxin
412,2013,3,18,3,36,122,12,22,300,107,11.4,996.4,-10.2,0,NNW,4.7,Aotizhongxin
413,2013,3,18,4,30,153,14,19,400,107,10.5,997.1,-7.7,0,N,3.6,Aotizhongxin
414,2013,3,18,5,20,112,9,15,300,107,8.6,999.8,-8,0,NNE,4.4,Aotizhongxin
415,2013,3,18,6,14,185,12,12,300,107,7,1001.4,-9,0,NNE,3.4,Aotizhongxin
416,2013,3,18,7,13,68,17,15,400,107,6.2,1002.4,-12.4,0,NE,6.5,Aotizhongxin
417,2013,3,18,8,3,6,7,15,400,107,6.5,1003.2,-16.9,0,NNE,4.8,Aotizhongxin
418,2013,3,18,9,3,7,4,16,400,107,8.7,1003.5,-13.7,0,NNW,6.2,Aotizhongxin
419,2013,3,18,10,13,6,4,11,400,107,9.4,1004.7,-17.7,0,NE,3.8,Aotizhongxin
420,2013,3,18,11,6,6,6,47,400,107,10.5,1004.2,-15.9,0,NNW,4.4,Aotizhongxin
421,2013,3,18,12,8,6,17,138,600,107,11.7,1003.6,-15.9,0,NNW,2.4,Aotizhongxin
422,2013,3,18,13,12,6,9,10,400,107,11.9,1002.1,-16.7,0,N,3.2,Aotizhongxin
423,2013,3,18,14,12,6,10,14,400,107,12,1000.9,-16.6,0,NNE,1.9,Aotizhongxin
424,2013,3,18,15,14,6,10,16,400,107,11.5,1000.4,-12.1,0,S,1.7,Aotizhongxin
425,2013,3,18,16,15,6,11,16,500,84,10.7,1000,-12.7,0,SSW,3.9,Aotizhongxin
426,2013,3,18,17,3,9,10,40,500,65,9.7,1000.4,-12.9,0,S,4.4,Aotizhongxin
427,2013,3,18,18,28,71,10,46,500,65,7.2,1001.3,-2.5,0,S,4.1,Aotizhongxin
428,2013,3,18,19,78,285,45,62,1100,38,5.4,1002.9,-3.4,0,SSW,7,Aotizhongxin
429,2013,3,18,20,55,133,38,50,800,42,4.4,1003.7,-3.6,0.1,S,4.7,Aotizhongxin
430,2013,3,18,21,38,76,30,39,700,47,3.7,1004,-4,0,SSE,2.9,Aotizhongxin
431,2013,3,18,22,37,59,23,42,800,41,2.9,1004,-4.1,0,S,2,Aotizhongxin
432,2013,3,18,23,37,59,23,42,800,43,2.6,1004.9,-4,0,S,2.1,Aotizhongxin
433,2013,3,19,0,31,46,20,38,1000,34,2.5,1005.5,-4.5,0,NNE,1.9,Aotizhongxin
434,2013,3,19,1,30,46,22,48,800,29,2,1006,-4.5,0,NE,2.7,Aotizhongxin
435,2013,3,19,2,31,42,23,52,800,27,1.2,1005.4,-4.5,0,NE,1.7,Aotizhongxin
436,2013,3,19,3,33,41,15,50,NA,NA,0.8,1005.8,-3,0,ENE,1.5,Aotizhongxin
437,2013,3,19,4,31,35,15,49,NA,NA,0.1,1005.4,-3.5,0,N,1.4,Aotizhongxin
438,2013,3,19,5,29,31,13,62,NA,11,0.1,1005.4,-3.8,0,NNE,1.3,Aotizhongxin
439,2013,3,19,6,32,39,13,62,NA,10,0.4,1006.6,-2.8,0,NNE,1.1,Aotizhongxin
440,2013,3,19,7,30,36,10,60,NA,6,1.6,1007,-2.4,0,NNE,1.7,Aotizhongxin
441,2013,3,19,8,34,56,11,58,NA,10,3,1007.4,-2.9,0,NE,2.7,Aotizhongxin
442,2013,3,19,9,38,57,26,51,NA,18,2.6,1008.2,-3.5,0,NNE,2.9,Aotizhongxin
443,2013,3,19,10,51,66,30,48,700,24,3,1008,-2.9,0,NNE,1.9,Aotizhongxin
444,2013,3,19,11,59,63,19,41,700,24,3.2,1007.9,-0.3,0,NNE,1.4,Aotizhongxin
445,2013,3,19,12,60,63,20,35,700,28,3.5,1007.4,-0.2,0,N,2.1,Aotizhongxin
446,2013,3,19,13,45,61,28,39,700,29,4,1007.3,0,0,NE,2.9,Aotizhongxin
447,2013,3,19,14,50,58,21,36,700,29,4.8,1007.4,0,0,NE,2.3,Aotizhongxin
448,2013,3,19,15,52,57,22,35,600,34,4.4,1008.2,0.2,0,NE,2.1,Aotizhongxin
449,2013,3,19,16,45,49,19,33,600,36,3.5,1009.3,1.7,0.2,NE,1.7,Aotizhongxin
450,2013,3,19,17,38,39,14,37,600,29,2.8,1009.8,1.8,0.7,NE,2.5,Aotizhongxin
451,2013,3,19,18,28,28,10,40,700,25,2.3,1011.4,1.6,1.4,NE,1.8,Aotizhongxin
452,2013,3,19,19,30,30,10,50,900,14,1.7,1013.2,1,1.4,NE,2.3,Aotizhongxin
453,2013,3,19,20,38,24,9,61,800,6,0.9,1013.9,0.5,1.8,NE,1.6,Aotizhongxin
454,2013,3,19,21,39,50,9,67,1200,2,0.9,1014.9,0.5,1.5,ESE,1.5,Aotizhongxin
455,2013,3,19,22,65,81,8,64,1200,4,0.4,1015.6,0.1,1.3,SSE,1.4,Aotizhongxin
456,2013,3,19,23,65,81,9,64,900,5,-0.1,1016.4,-0.5,0.7,S,1.6,Aotizhongxin
457,2013,3,20,0,68,78,6,43,800,8,-0.3,1017.4,-0.6,1,SE,0,Aotizhongxin
458,2013,3,20,1,47,47,5,40,800,10,-1.2,1018.1,-1.5,1.6,SW,1.2,Aotizhongxin
459,2013,3,20,2,40,42,5,39,1100,9,-1.2,1018.5,-1.3,0.9,SSW,0,Aotizhongxin
460,2013,3,20,3,52,42,5,39,1100,9,-1.1,1018.7,-1.2,1.5,NE,1.2,Aotizhongxin
461,2013,3,20,4,52,35,5,40,1000,10,-2.1,1019,-2.4,2.5,E,1.6,Aotizhongxin
462,2013,3,20,5,31,27,4,32,1000,20,-4.3,1019.4,-4.7,0,SSW,1.2,Aotizhongxin
463,2013,3,20,6,23,6,3,22,700,27,-5.7,1019.6,-6,0,N,0,Aotizhongxin
464,2013,3,20,7,27,6,3,32,1000,17,-2.3,1020.2,-2.3,0,SSW,0.1,Aotizhongxin
465,2013,3,20,8,39,51,9,61,1300,4,-0.1,1020.7,-1.1,0,W,1.7,Aotizhongxin
466,2013,3,20,9,42,23,24,72,1300,7,1.9,1021,-2.1,0,SW,2.3,Aotizhongxin
467,2013,3,20,10,24,30,29,62,1200,17,2.6,1020.4,-4,0,W,3,Aotizhongxin
468,2013,3,20,11,40,9,28,41,900,39,3.1,1019.4,-3.3,0,SW,1.7,Aotizhongxin
469,2013,3,20,12,27,6,19,27,600,57,3.8,1018.8,-5.2,0,WSW,2.4,Aotizhongxin
470,2013,3,20,13,33,68,27,38,1000,49,4.7,1017.7,-3.6,0,SSW,2.1,Aotizhongxin
471,2013,3,20,14,51,27,20,27,800,68,5.4,1016.6,-3.4,0,SW,3.8,Aotizhongxin
472,2013,3,20,15,30,32,15,27,700,70,5.4,1015.5,-4.2,0,W,3.2,Aotizhongxin
473,2013,3,20,16,37,48,17,28,700,65,5.4,1015.1,-3.2,0,SW,4,Aotizhongxin
474,2013,3,20,17,41,46,21,30,700,64,4.4,1014.5,-2.3,0,SW,3.4,Aotizhongxin
475,2013,3,20,18,59,63,17,37,700,55,3.8,1014.2,-2.4,0,SW,3.4,Aotizhongxin
476,2013,3,20,19,78,81,9,53,800,36,3.4,1014.2,-2.4,0,SW,3.9,Aotizhongxin
477,2013,3,20,20,69,89,8,52,900,35,3.1,1013.8,-2.4,0,SW,2.9,Aotizhongxin
478,2013,3,20,21,77,89,7,51,1000,33,2.8,1013.6,-2.5,0,SW,2.2,Aotizhongxin
479,2013,3,20,22,81,96,7,54,1000,29,2.8,1012.7,-2.7,0,SW,2.2,Aotizhongxin
480,2013,3,20,23,106,106,7,50,1000,32,2.2,1011.8,-2.9,0,WSW,1.9,Aotizhongxin
481,2013,3,21,0,92,108,8,51,1000,26,1.9,1011.3,-2.6,0,SW,2.3,Aotizhongxin
482,2013,3,21,1,112,116,7,47,1100,25,1.7,1010.6,-2.8,0,SW,2.4,Aotizhongxin
483,2013,3,21,2,97,105,7,44,1000,23,1,1009.6,-2.8,0,WNW,1,Aotizhongxin
484,2013,3,21,3,103,106,7,46,800,19,-0.8,1008.9,-2.7,0,NW,0.5,Aotizhongxin
485,2013,3,21,4,78,80,6,56,900,9,-1.7,1008.5,-3,0,WNW,0.7,Aotizhongxin
486,2013,3,21,5,73,79,6,54,900,9,-1.7,1008,-2.7,0,ESE,0.1,Aotizhongxin
487,2013,3,21,6,73,83,5,58,900,3,-0.6,1007.6,-2.2,0,ENE,1.5,Aotizhongxin
488,2013,3,21,7,112,114,6,68,1399,2,0.2,1006.9,-2,0,N,0.7,Aotizhongxin
489,2013,3,21,8,116,119,8,70,1600,2,1.4,1005.9,-1.8,0,NNE,1.6,Aotizhongxin
490,2013,3,21,9,120,129,12,71,1800,2,2.7,1005.3,-2.2,0,N,1.6,Aotizhongxin
491,2013,3,21,10,130,141,23,75,1700,2,3.7,1004.5,-1.9,0,NNW,1.7,Aotizhongxin
492,2013,3,21,11,142,163,39,82,1700,6,5,1003,-1.9,0,ENE,2.4,Aotizhongxin
493,2013,3,21,12,162,172,44,88,1600,10,6.2,1002.1,-1.5,0,ENE,2,Aotizhongxin
494,2013,3,21,13,178,187,44,90,1600,15,6.9,1001.3,-1.3,0,NNE,3,Aotizhongxin
495,2013,3,21,14,181,194,42,101,1700,18,7.5,1000.4,-1.2,0,NNW,1.4,Aotizhongxin
496,2013,3,21,15,187,202,38,98,1600,26,7.7,1000,-0.8,0,ENE,1.4,Aotizhongxin
497,2013,3,21,16,188,205,40,107,1600,22,7.7,999.8,-0.8,0,N,1.7,Aotizhongxin
498,2013,3,21,17,187,211,40,114,1600,20,6.9,1000.2,-0.1,0,NNW,2.3,Aotizhongxin
499,2013,3,21,18,190,221,34,122,1600,15,6.1,1001.4,0,0,N,1.1,Aotizhongxin
500,2013,3,21,19,202,240,24,129,1700,7,5.5,1002.5,0.1,0,NE,1.4,Aotizhongxin
501,2013,3,21,20,202,219,21,115,1600,14,5.2,1003.7,-0.2,0,ENE,2.5,Aotizhongxin
502,2013,3,21,21,205,218,22,122,1700,6,4.8,1004.4,0,0,ENE,1.4,Aotizhongxin
503,2013,3,21,22,217,236,19,128,1899,2,4.7,1005.5,0.1,0,NE,2.7,Aotizhongxin
504,2013,3,21,23,228,234,18,122,1899,2,4.1,1006.8,0.1,0,NE,2.2,Aotizhongxin
505,2013,3,22,0,202,209,18,115,1700,2,3.4,1007.6,-0.1,0,ENE,0.8,Aotizhongxin
506,2013,3,22,1,172,179,18,101,1600,3,1.7,1008.7,-0.1,0,NE,0.6,Aotizhongxin
507,2013,3,22,2,160,168,20,95,1399,2,1.1,1009.5,-0.4,0,NE,1.1,Aotizhongxin
508,2013,3,22,3,117,170,30,87,1200,2,2.4,1010.1,-5.3,0,NE,2,Aotizhongxin
509,2013,3,22,4,160,170,24,95,1200,14,4.4,1010.7,-11.3,0,NNE,2,Aotizhongxin
510,2013,3,22,5,65,171,24,51,900,32,4,1011.6,-11.6,0,NE,2,Aotizhongxin
511,2013,3,22,6,18,168,12,43,500,36,2.7,1012.9,-8.4,0,ENE,0.9,Aotizhongxin
512,2013,3,22,7,26,33,18,68,700,14,5.8,1013.9,-7.8,0,ENE,1.4,Aotizhongxin
513,2013,3,22,8,10,15,24,66,600,19,7.6,1014.8,-9.3,0,ENE,2.3,Aotizhongxin
514,2013,3,22,9,146,152,28,94,600,38,8.6,1014.8,-9.9,0,SE,1.5,Aotizhongxin
515,2013,3,22,10,142,147,27,93,600,43,8.1,1014.4,-4.1,0,SW,4.4,Aotizhongxin
516,2013,3,22,11,137,143,27,91,700,48,8.7,1013.7,-5.6,0,S,2.8,Aotizhongxin
517,2013,3,22,12,63,157,51,57,1200,39,9.2,1012.5,-3.7,0,WSW,5,Aotizhongxin
518,2013,3,22,13,56,130,41,48,1000,48,9.8,1011.9,-1.3,0,SW,3.9,Aotizhongxin
519,2013,3,22,14,75,176,31,52,1200,56,10,1011.1,-2,0,SW,4.2,Aotizhongxin
520,2013,3,22,15,83,196,31,47,1100,64,9.6,1010.6,-2.1,0,SSW,4.6,Aotizhongxin
521,2013,3,22,16,66,181,29,44,900,66,9.3,1010.2,-2,0,SSW,2.9,Aotizhongxin
522,2013,3,22,17,78,170,30,46,900,66,8.9,1010.3,-2.4,0,SSW,3.9,Aotizhongxin
523,2013,3,22,18,76,157,29,47,900,66,8.1,1010.7,-3.4,0,SSW,3,Aotizhongxin
524,2013,3,22,19,68,136,26,54,900,59,7.8,1011,-3.7,0,S,2.7,Aotizhongxin
525,2013,3,22,20,66,119,24,69,800,42,7.1,1011.8,-3.8,0,SSE,3.3,Aotizhongxin
526,2013,3,22,21,64,118,24,69,800,31,5.6,1011.7,-3.8,0,S,2.1,Aotizhongxin
527,2013,3,22,22,59,100,23,68,900,22,4.3,1011.8,-3.5,0,SSE,1.9,Aotizhongxin
528,2013,3,22,23,61,105,16,89,1200,2,3.1,1011.1,-3.3,0,SE,1.9,Aotizhongxin
529,2013,3,23,0,64,93,15,85,1500,2,2.7,1010.7,-3,0,SSE,1.7,Aotizhongxin
530,2013,3,23,1,60,81,13,80,1399,4,2.2,1009.8,-2.7,0,SSE,2.1,Aotizhongxin
531,2013,3,23,2,51,76,13,84,1300,2,2,1009.1,-2.7,0,SSW,0.9,Aotizhongxin
532,2013,3,23,3,51,70,12,85,NA,NA,1.5,1008.5,-2.5,0,WNW,0.6,Aotizhongxin
533,2013,3,23,4,44,71,10,85,NA,2,0.8,1007.7,-2.3,0,N,1.3,Aotizhongxin
534,2013,3,23,5,44,71,10,76,NA,2,0.8,1007.5,-2.1,0,NE,1.1,Aotizhongxin
535,2013,3,23,6,51,69,8,70,NA,2,1,1007.4,-1.9,0,NNE,1.5,Aotizhongxin
536,2013,3,23,7,53,71,8,65,NA,2,1.8,1006.4,-3.1,0,SSW,2.1,Aotizhongxin
537,2013,3,23,8,62,75,12,65,NA,2,3.4,1005.3,-4.6,0,ESE,2.3,Aotizhongxin
538,2013,3,23,9,78,105,32,69,NA,2,4.5,1005.4,-5,0,NE,1.5,Aotizhongxin
539,2013,3,23,10,79,104,70,72,NA,10,4.2,1005.2,-4.5,0,NNE,1.9,Aotizhongxin
540,2013,3,23,11,80,111,83,70,NA,17,5,1004.8,-4.6,0,NE,4.1,Aotizhongxin
541,2013,3,23,12,81,111,76,66,NA,22,5.1,1004.4,-5,0,N,0.9,Aotizhongxin
542,2013,3,23,13,77,110,78,70,NA,24,7.4,1003.8,-3.8,0,ENE,0.8,Aotizhongxin
543,2013,3,23,14,84,105,74,70,NA,25,10.3,1003.4,-3.1,0,ENE,2.3,Aotizhongxin
544,2013,3,23,15,89,132,75,72,NA,27,10.6,1004.8,-3.5,0,NE,1.3,Aotizhongxin
545,2013,3,23,16,86,165,67,72,NA,29,11.9,1006,-7.5,0,NNW,8.3,Aotizhongxin
546,2013,3,23,17,63,234,33,46,NA,51,9,1008.2,-8.6,0,NNE,3.7,Aotizhongxin
547,2013,3,23,18,18,114,7,12,NA,75,7.1,1010.5,-10.2,0,NNE,4.1,Aotizhongxin
548,2013,3,23,19,14,56,4,16,NA,70,6,1012.8,-12.6,0,NNE,4.3,Aotizhongxin
549,2013,3,23,20,14,40,4,16,NA,73,5.2,1014.4,-12.8,0,NNE,2.3,Aotizhongxin
550,2013,3,23,21,11,30,3,13,NA,78,4.6,1015.3,-15.3,0,NNE,3.9,Aotizhongxin
551,2013,3,23,22,7,16,3,12,NA,78,3.9,1016,-14.9,0,NNE,2.8,Aotizhongxin
552,2013,3,23,23,5,18,3,12,NA,76,3.5,1016.7,-14.7,0,NE,2.1,Aotizhongxin
553,2013,3,24,0,6,14,3,11,NA,75,2.7,1017.3,-14,0,NNE,2.2,Aotizhongxin
554,2013,3,24,1,8,31,7,25,NA,57,2,1017.6,-13.4,0,NNE,2.4,Aotizhongxin
555,2013,3,24,2,10,24,6,27,NA,53,2,1017.7,-14.2,0,NNE,3.4,Aotizhongxin
556,2013,3,24,3,11,22,6,31,NA,46,1.6,1017.5,-14.1,0,NNE,3.3,Aotizhongxin
557,2013,3,24,4,13,25,7,37,NA,41,1.5,1017.7,-14.6,0,N,4.4,Aotizhongxin
558,2013,3,24,5,13,25,7,37,NA,36,1,1018.4,-13.9,0,NNE,2.8,Aotizhongxin
559,2013,3,24,6,18,36,7,52,NA,26,1.1,1018.7,-13.8,0,NNE,2.2,Aotizhongxin
560,2013,3,24,7,11,15,10,40,NA,39,2.8,1019.3,-14.4,0,N,2.3,Aotizhongxin
561,2013,3,24,8,14,26,10,38,NA,45,4.3,1019.5,-15.1,0,NNE,3.1,Aotizhongxin
562,2013,3,24,9,14,19,12,24,NA,56,5.6,1019.5,-16.3,0,NNW,3.9,Aotizhongxin
563,2013,3,24,10,3,10,11,16,NA,67,5.9,1019,-16,0,NNW,3,Aotizhongxin
564,2013,3,24,11,11,13,11,16,NA,70,7.5,1017.8,-15.4,0,NNW,2.7,Aotizhongxin
565,2013,3,24,12,10,12,13,15,NA,71,8.8,1016.3,-15,0,ENE,1.8,Aotizhongxin
566,2013,3,24,13,3,8,12,12,NA,76,9.7,1014.8,-12.2,0,W,2.7,Aotizhongxin
567,2013,3,24,14,4,8,10,12,NA,78,10.4,1013.6,-15.2,0,N,2,Aotizhongxin
568,2013,3,24,15,3,10,10,12,NA,81,10.6,1012.9,-12.1,0,SSW,1.9,Aotizhongxin
569,2013,3,24,16,9,16,11,13,NA,81,9.5,1012.7,-12.4,0,WSW,3.4,Aotizhongxin
570,2013,3,24,17,14,24,10,24,NA,73,7.9,1012.6,-11.5,0,WSW,3.7,Aotizhongxin
571,2013,3,24,18,23,48,10,41,NA,61,6.9,1013.1,-10.8,0,SW,4,Aotizhongxin
572,2013,3,24,19,32,74,11,62,NA,49.266,6.3,1014,-10,0,SW,3.3,Aotizhongxin
573,2013,3,24,20,43,101,19,67,NA,36.6282,5.9,1014.5,-10,0,SW,2.4,Aotizhongxin
574,2013,3,24,21,56,120,32,76,NA,26.775,5.2,1014.7,-9.4,0,WSW,2.2,Aotizhongxin
575,2013,3,24,22,61,114,29,86,NA,18.6354,2.6,1015.2,-8.2,0,WSW,1.1,Aotizhongxin
576,2013,3,24,23,55,108,29,78,NA,23,0.9,1015.8,-7.6,0,NW,0.4,Aotizhongxin
577,2013,3,25,0,56,108,30,79,NA,7.2828,0.3,1016.2,-4.3,0,E,0.4,Aotizhongxin
578,2013,3,25,1,66,121,51,99,NA,0.6426,-0.3,1016.4,-6.3,0,SE,1.1,Aotizhongxin
579,2013,3,25,2,73,121,42,105,NA,NA,0.5,1017,-6.8,0,NNE,1.3,Aotizhongxin
580,2013,3,25,3,79,140,26,95,NA,NA,0.3,1017.4,-5.1,0,NE,1.2,Aotizhongxin
581,2013,3,25,4,80,136,18,92,NA,NA,-0.6,1017.7,-4.5,0,NNE,1.3,Aotizhongxin
582,2013,3,25,5,71,113,10,87,NA,NA,-1.1,1018.1,-4.8,0,NE,1.7,Aotizhongxin
583,2013,3,25,6,71,95,8,83,NA,NA,-0.9,1018.1,-4.6,0,NNE,1.5,Aotizhongxin
584,2013,3,25,7,77,101,8,83,NA,NA,0.8,1018.5,-4.6,0,NE,1.9,Aotizhongxin
585,2013,3,25,8,108,166,58,83,NA,NA,2.7,1018.6,-4.8,0,ESE,0.6,Aotizhongxin
586,2013,3,25,9,120,166,150,85,NA,4.0698,4.3,1018.4,-5,0,E,2,Aotizhongxin
587,2013,3,25,10,121,160,129,94,NA,7.2828,6.5,1017.4,-5.2,0,ESE,1.1,Aotizhongxin
588,2013,3,25,11,110,136,89,88,NA,21.6342,7.8,1016.8,-5,0,ESE,1.9,Aotizhongxin
589,2013,3,25,12,111,124,73,85,NA,32.7726,9.2,1015.5,-5.5,0,SSE,2.3,Aotizhongxin
590,2013,3,25,13,119,142,69,100,NA,32.9868,10,1014.5,-5.6,0,S,3.1,Aotizhongxin
591,2013,3,25,14,124,168,60,102,NA,43.2684,10.6,1013.5,-5.4,0,SW,1.9,Aotizhongxin
592,2013,3,25,15,133,165,56,88,NA,65.7594,10.8,1013,-5.7,0,SSW,3,Aotizhongxin
593,2013,3,25,16,118,147,47,61,1300,82,10.3,1012.5,-6.1,0,SW,4.5,Aotizhongxin
594,2013,3,25,17,109,140,47,63,1100,76,9.8,1012.5,-6.1,0,WSW,3.6,Aotizhongxin
595,2013,3,25,18,113,163,42,63,1100,78,9.2,1012.6,-5.1,0,SSW,1.9,Aotizhongxin
596,2013,3,25,19,123,174,50,79,1200,61,8.9,1012.7,-6.5,0,SSW,2.9,Aotizhongxin
597,2013,3,25,20,146,203,61,108,1399,40,8.5,1013.1,-6.9,0,SSW,3.4,Aotizhongxin
598,2013,3,25,21,117,162,46,98,1200,38,7.9,1012.6,-7,0,SSW,2.2,Aotizhongxin
599,2013,3,25,22,109,151,44,94,1200,33,5.4,1012.2,-4.5,0,W,0.8,Aotizhongxin
600,2013,3,25,23,100,138,46,80,1100,34,2.7,1011.9,-3.6,0,WNW,0.4,Aotizhongxin
601,2013,3,26,0,101,161,45,102,1000,16,1.7,1011.8,-1.9,0,NW,0.7,Aotizhongxin
602,2013,3,26,1,100,166,49,108,1000,7,1.1,1011.4,-2.3,0,W,0.4,Aotizhongxin
603,2013,3,26,2,105,168,50,113,1200,2,0.2,1011.1,-3.4,0,SSW,0.5,Aotizhongxin
604,2013,3,26,3,131,200,71,108,NA,NA,-0.3,1010.5,-2.8,0,SSW,0.1,Aotizhongxin
605,2013,3,26,4,172,223,79,109,1399,2,-0.4,1010.5,-2.3,0,NE,0.9,Aotizhongxin
606,2013,3,26,5,190,260,66,95,1600,2,-0.2,1010.5,-2.4,0,ENE,0.8,Aotizhongxin
607,2013,3,26,6,190,243,48,85,1500,2,1.1,1011.2,-2.7,0,NE,1.2,Aotizhongxin
608,2013,3,26,7,182,219,23,71,1500,2,3.2,1010.6,-3.8,0,NE,1.4,Aotizhongxin
609,2013,3,26,8,185,237,50,102,2500,2,4.8,1010.3,-2.5,0,NE,1.2,Aotizhongxin
610,2013,3,26,9,194,279,76,118,2899,2,6.6,1010.1,-3.9,0,WSW,0.8,Aotizhongxin
611,2013,3,26,10,209,292,84,122,2600,2,8.2,1009.5,-4,0,SW,0.8,Aotizhongxin
612,2013,3,26,11,209,264,76,104,1800,6,9.7,1008.6,-0.2,0,SW,2.6,Aotizhongxin
613,2013,3,26,12,220,256,76,95,1500,17,10.7,1007.6,-0.2,0,SSE,2.7,Aotizhongxin
614,2013,3,26,13,223,256,78,90,1399,28,11.8,1006.3,0.5,0,SSW,2.9,Aotizhongxin
615,2013,3,26,14,214,241,73,85,1300,39,12.3,1005.3,-0.3,0,SW,5.4,Aotizhongxin
616,2013,3,26,15,200,240,92,85,1399,47,12.8,1004.3,0.2,0,SW,4.3,Aotizhongxin
617,2013,3,26,16,209,282,101,93,1500,43,12.9,1003.4,0.3,0,SSW,3.1,Aotizhongxin
618,2013,3,26,17,199,274,112,107,1600,29,12.5,1003.6,0.6,0,SW,3.8,Aotizhongxin
619,2013,3,26,18,204,277,123,116,1899,20,11.8,1003.7,1.4,0,SSW,1.2,Aotizhongxin
620,2013,3,26,19,204,277,123,116,NA,10.4958,11.4,1004.1,2.1,0,S,1.3,Aotizhongxin
621,2013,3,26,20,226,302,99,139,2299,2,10.3,1005,0.9,0,NNW,2.1,Aotizhongxin
622,2013,3,26,21,222,298,87,137,2399,2,7.7,1004.5,2.4,0,ESE,0.1,Aotizhongxin
623,2013,3,26,22,229,326,66,132,2399,2,6.2,1004.2,1.9,0,NNE,0.5,Aotizhongxin
624,2013,3,26,23,181,291,55,119,1700,2,7.1,1003.5,3.3,0,SSW,1.1,Aotizhongxin
625,2013,3,27,0,143,230,44,86,1100,2,8,1002.9,3.8,0,SSW,1.5,Aotizhongxin
626,2013,3,27,1,131,212,34,67,900,8,7.3,1002.8,3.9,0,SW,1.9,Aotizhongxin
627,2013,3,27,2,128,187,35,55,900,11,6.1,1002.2,3.6,0,SSW,1,Aotizhongxin
628,2013,3,27,3,129,163,NA,54,NA,NA,4.3,1001.7,3,0,W,0.8,Aotizhongxin
629,2013,3,27,4,135,161,NA,54,900,2,2.9,1001.5,1.9,0,W,0.9,Aotizhongxin
630,2013,3,27,5,135,153,NA,64,1000,2,2.8,1001.4,2.2,0,SSW,0.5,Aotizhongxin
631,2013,3,27,6,138,147,NA,63,1000,2,4.2,1003.3,1.1,0,NE,1.4,Aotizhongxin
632,2013,3,27,7,186,193,NA,66,1700,2,5.3,1004.2,2.1,0,NNE,1.6,Aotizhongxin
633,2013,3,27,8,221,319,NA,65,2399,2,7.6,1004.6,3.6,0,NE,2,Aotizhongxin
634,2013,3,27,9,159,216,NA,61,1500,2,10.6,1004.5,3.8,0,ENE,3.3,Aotizhongxin
635,2013,3,27,10,182,243,26,55,1399,7,14.5,1003.8,0,0,NE,2.5,Aotizhongxin
636,2013,3,27,11,186,206,53,58,1300,23,17.2,1003.3,-2,0,ENE,4.4,Aotizhongxin
637,2013,3,27,12,132,129,50,49,900,51,18.6,1003.2,-5.5,0,NNW,5.4,Aotizhongxin
638,2013,3,27,13,45,70,30,24,500,76,19.5,1002.8,-5.5,0,NW,3.3,Aotizhongxin
639,2013,3,27,14,45,70,30,24,300,89,18.9,1002.9,-6.7,0,N,5,Aotizhongxin
640,2013,3,27,15,14,34,11,12,400,92,18.2,1003.4,-8.1,0,N,5.8,Aotizhongxin
641,2013,3,27,16,13,49,8,12,NA,93.6054,17.2,1003.9,-10.6,0,N,4.4,Aotizhongxin
642,2013,3,27,17,14,42,7,13,400,90,14.5,1005.5,-12.7,0,NE,3.9,Aotizhongxin
643,2013,3,27,18,12,18,4,15,400,85,12.7,1007.2,-13.3,0,NNE,3.5,Aotizhongxin
644,2013,3,27,19,10,26,4,19,400,82,11.6,1009,-15.1,0,NE,4.2,Aotizhongxin
645,2013,3,27,20,11,21,4,25,400,75,10.9,1010.5,-14.8,0,NNE,2.7,Aotizhongxin
646,2013,3,27,21,12,21,4,34,500,66,10.4,1012.2,-15.2,0,NNE,3.2,Aotizhongxin
647,2013,3,27,22,9,20,4,28,400,69,9.7,1013,-15,0,NE,2.3,Aotizhongxin
648,2013,3,27,23,9,20,4,28,400,61,8.1,1014,-14.2,0,ENE,2.8,Aotizhongxin
649,2013,3,28,0,16,33,6,34,400,60,6.8,1014.4,-14.1,0,ENE,2.3,Aotizhongxin
650,2013,3,28,1,16,34,7,34,400,66,5.9,1014.7,-11.7,0,ENE,2,Aotizhongxin
651,2013,3,28,2,6,20,9,28,400,62,5.3,1014.8,-13.7,0,ENE,3,Aotizhongxin
652,2013,3,28,3,12,21,7,40,400,51,4.5,1014.8,-12.5,0,NE,2.1,Aotizhongxin
653,2013,3,28,4,12,22,8,40,400,52,4.3,1015.7,-13.6,0,NE,2,Aotizhongxin
654,2013,3,28,5,10,23,8,32,400,56,4.3,1016.3,-15.1,0,NE,2.3,Aotizhongxin
655,2013,3,28,6,13,22,17,38,400,48,4.6,1016.9,-14.8,0,E,1,Aotizhongxin
656,2013,3,28,7,8,18,14,39,400,48,5.4,1017.3,-15.8,0,NNE,2.1,Aotizhongxin
657,2013,3,28,8,13,32,13,53,500,38,6.8,1017.6,-15.9,0,NE,1.8,Aotizhongxin
658,2013,3,28,9,13,32,13,53,500,52,7.4,1017.7,-16.1,0,ENE,1.4,Aotizhongxin
659,2013,3,28,10,10,30,10,41,500,59,8.8,1017.6,-11.8,0,SE,1.4,Aotizhongxin
660,2013,3,28,11,13,35,10,43,500,52,9.5,1017.1,-8.6,0,N,3.4,Aotizhongxin
661,2013,3,28,12,10,39,10,26,500,67,10.7,1016.3,-10.8,0,NNW,2.7,Aotizhongxin
662,2013,3,28,13,13,50,13,15,500,81,11.2,1015,-8.1,0,WSW,5.1,Aotizhongxin
663,2013,3,28,14,17,17,10,10,400,87,12.7,1014.1,-9.1,0,W,3.5,Aotizhongxin
664,2013,3,28,15,9,24,9,9,400,88,13.8,1013.5,-14.2,0,NW,3.2,Aotizhongxin
665,2013,3,28,16,3,6,6,12,400,88,14.2,1013.5,-13,0,NW,1.9,Aotizhongxin
666,2013,3,28,17,10,14,9,15,400,86,12.9,1013.3,-14,0,WNW,1.7,Aotizhongxin
667,2013,3,28,18,10,14,9,15,500,82,9.5,1014.2,-2.8,0,WSW,3.9,Aotizhongxin
668,2013,3,28,19,49,146,14,42,700,62,8.5,1014.9,-1.9,0,SW,3.6,Aotizhongxin
669,2013,3,28,20,95,193,22,70,1100,40,8.2,1015.6,-1.9,0,SW,1.4,Aotizhongxin
670,2013,3,28,21,109,176,25,80,1300,33,6.4,1016.2,-2.2,0,S,0.4,Aotizhongxin
671,2013,3,28,22,108,159,26,93,1500,20,4.6,1016.1,-1.8,0,WSW,0.2,Aotizhongxin
672,2013,3,28,23,105,155,29,94,1399,12,2.8,1016,-2.3,0,NE,1,Aotizhongxin
673,2013,3,29,0,93,127,31,104,1300,5,2.1,1016.3,-3.8,0,NE,1.4,Aotizhongxin
674,2013,3,29,1,66,73,23,102,900,2,2.6,1016.6,-5.8,0,ENE,1.1,Aotizhongxin
675,2013,3,29,2,76,168,22,104,1000,2,2.2,1016.4,-5.7,0,ESE,0.4,Aotizhongxin
676,2013,3,29,3,84,151,24,102,1100,2,3.5,1016.3,-4.7,0,ENE,1.5,Aotizhongxin
677,2013,3,29,4,84,128,25,96,1100,2,3.2,1016.9,-6,0,NE,1.3,Aotizhongxin
678,2013,3,29,5,84,128,25,96,1300,2,2.2,1017.6,-5.9,0,NE,1.2,Aotizhongxin
679,2013,3,29,6,94,168,25,89,1399,2,2.6,1018,-5.8,0,NE,2,Aotizhongxin
680,2013,3,29,7,90,163,21,84,1600,2,4.2,1018.4,-4.5,0,NNE,1.5,Aotizhongxin
681,2013,3,29,8,91,158,45,86,2799,2,6.5,1018.8,-5.8,0,E,2.3,Aotizhongxin
682,2013,3,29,9,100,156,102,87,3299,4,7.9,1018.3,-7.4,0,NNE,1.4,Aotizhongxin
683,2013,3,29,10,100,156,102,88,NA,12.4236,8.7,1017.6,-7.9,0,ENE,2.3,Aotizhongxin
684,2013,3,29,11,73,102,61,76,2100,30,9.6,1016.3,-8.5,0,ENE,1.5,Aotizhongxin
685,2013,3,29,12,75,99,57,70,1899,40,9.1,1015.8,-7.2,0,E,1.9,Aotizhongxin
686,2013,3,29,13,88,146,58,65,2000,48,9.8,1014.9,-6.1,0,NW,0.4,Aotizhongxin
687,2013,3,29,14,113,161,61,82,2100,39,9.6,1014.4,-6.7,0,ESE,0.8,Aotizhongxin
688,2013,3,29,15,114,152,53,86,1899,39,9.5,1014.2,-5.2,0,ENE,1.7,Aotizhongxin
689,2013,3,29,16,108,146,49,93,1700,33,9.6,1014.1,-5.9,0,N,0.8,Aotizhongxin
690,2013,3,29,17,109,146,49,94,NA,27.6318,9.1,1013.9,-6,0,NE,2.5,Aotizhongxin
691,2013,3,29,18,91,131,54,93,1300,30,8.3,1014.3,-3.9,0,ENE,1.9,Aotizhongxin
692,2013,3,29,19,92,141,48,106,1200,22,7.5,1015,-1.5,0,ESE,2.4,Aotizhongxin
693,2013,3,29,20,93,237,41,101,1399,11,6,1016.1,-3.4,0,SE,2.3,Aotizhongxin
694,2013,3,29,21,70,136,48,81,1200,16,5.3,1016.7,-3.3,0,S,1.8,Aotizhongxin
695,2013,3,29,22,64,110,49,72,900,16,5.2,1016.7,-2.9,0,ESE,2,Aotizhongxin
696,2013,3,29,23,57,87,59,67,900,17,4.7,1017.1,-3.3,0,ENE,1.3,Aotizhongxin
697,2013,3,30,0,57,87,59,67,900,16,4.3,1017.1,-4.5,0,E,1.4,Aotizhongxin
698,2013,3,30,1,66,84,48,67,1500,13,3.8,1017,-5.7,0,ENE,2.2,Aotizhongxin
699,2013,3,30,2,60,90,54,70,2000,10,2.9,1016.8,-3.5,0,ENE,1.5,Aotizhongxin
700,2013,3,30,3,67,97,58,71,2100,8,2.9,1016.9,-4.3,0,ENE,1.8,Aotizhongxin
701,2013,3,30,4,71,99,74,74,2299,5,2.5,1016.7,-4.3,0,E,1.4,Aotizhongxin
702,2013,3,30,5,73,118,90,85,2700,3,2.6,1016.7,-6,0,NNE,0.4,Aotizhongxin
703,2013,3,30,6,66,103,87,84,2799,9,2.5,1017.4,-5.2,0,NNE,1.7,Aotizhongxin
704,2013,3,30,7,70,128,86,83,2799,9,4.1,1017.7,-4.9,0,N,0.7,Aotizhongxin
705,2013,3,30,8,82,145,94,92,2799,3,5.7,1018.4,-6.6,0,N,2.3,Aotizhongxin
706,2013,3,30,9,77,133,107,85,2600,14,7.3,1018.3,-5.8,0,NE,2.8,Aotizhongxin
707,2013,3,30,10,79,129,99,72,2399,31,8.4,1018.2,-5.5,0,SSW,1.3,Aotizhongxin
708,2013,3,30,11,79,129,99,72,2200,42,9.4,1017.6,-5.7,0,NE,2.1,Aotizhongxin
709,2013,3,30,12,92,134,86,62,2000,53,10.3,1016.6,-3.1,0,SE,1.7,Aotizhongxin
710,2013,3,30,13,81,108,74,46,1500,72,10.8,1015.7,-1.6,0,SSW,1.9,Aotizhongxin
711,2013,3,30,14,94,126,72,51,1600,76,10.9,1015,0,0,S,1.8,Aotizhongxin
712,2013,3,30,15,94,126,72,51,1500,75,10.8,1014.6,-0.7,0,SSE,2.4,Aotizhongxin
713,2013,3,30,16,95,123,49,46,900,72,10,1014.5,-0.5,0,SE,2.5,Aotizhongxin
714,2013,3,30,17,88,110,47,50,800,70,9,1015.1,-0.3,0,SSE,2.4,Aotizhongxin
715,2013,3,30,18,80,105,40,56,700,66,7.7,1015.5,0.9,0,S,1.7,Aotizhongxin
716,2013,3,30,19,84,98,28,56,700,57,6.8,1016.9,1.3,0,S,1.5,Aotizhongxin
717,2013,3,30,20,88,104,20,68,800,40,6.1,1017.6,1,0,SSE,1.4,Aotizhongxin
718,2013,3,30,21,88,104,20,68,800,27,5.5,1017.8,1.2,0,SSW,1.5,Aotizhongxin
719,2013,3,30,22,86,92,15,76,800,24,5.5,1017.9,1.6,0,SSW,1.8,Aotizhongxin
720,2013,3,30,23,92,96,12,85,800,13,5,1017.7,1.5,0,SSW,1.5,Aotizhongxin
721,2013,3,31,0,102,104,11,87,800,5,4.9,1017.9,1.6,0,SSW,1.3,Aotizhongxin
722,2013,3,31,1,108,117,11,85,900,3,4.8,1017.4,1.6,0,SW,1.8,Aotizhongxin
723,2013,3,31,2,110,111,11,87,1000,2,4.8,1016.9,2,0,WSW,1.1,Aotizhongxin
724,2013,3,31,3,96,115,10,78,1399,2,4.9,1016.4,2.1,0,SW,0.4,Aotizhongxin
725,2013,3,31,4,101,110,10,80,1399,2,4.8,1016.1,2.2,0,SSE,1.2,Aotizhongxin
726,2013,3,31,5,96,115,10,80,1399,2,4.5,1016,2.2,0,SSW,1.7,Aotizhongxin
727,2013,3,31,6,120,131,10,74,1300,2,4.4,1015.9,1.9,0,SE,1.4,Aotizhongxin
728,2013,3,31,7,132,146,10,71,1200,2,4.7,1016.4,2.2,0,S,0.7,Aotizhongxin
729,2013,3,31,8,132,146,10,71,1300,2,4.9,1016,2.4,0,SE,1.5,Aotizhongxin
730,2013,3,31,9,151,179,11,60,1399,2,5.4,1015.5,2.6,0,SE,1.3,Aotizhongxin
731,2013,3,31,10,151,179,11,60,1300,2,5.7,1014.8,2.3,0,SSW,0.6,Aotizhongxin
732,2013,3,31,11,187,223,13,53,1200,2,5.8,1014.2,2.6,0,NNE,1.6,Aotizhongxin
733,2013,3,31,12,205,231,14,57,1300,2,6.2,1012.9,2.5,0,N,2.4,Aotizhongxin
734,2013,3,31,13,212,222,16,65,1399,6,5.9,1011.9,2.5,0,N,2.9,Aotizhongxin
735,2013,3,31,14,221,230,22,73,1399,6,6,1010.5,2.8,0,NE,2,Aotizhongxin
736,2013,3,31,15,225,247,18,69,1300,2,6.7,1009.7,2.9,0,N,1.7,Aotizhongxin
737,2013,3,31,16,226,250,18,67,1300,7,6.9,1009.4,3,0,N,1.6,Aotizhongxin
738,2013,3,31,17,228,245,24,75,1399,8,6.3,1009.2,2.9,0,NNE,1.7,Aotizhongxin
739,2013,3,31,18,228,245,24,75,1399,3,5.7,1009.6,2.7,0,N,2.3,Aotizhongxin
740,2013,3,31,19,227,251,21,86,1500,2,5.6,1009.6,2.8,0,NE,1.3,Aotizhongxin
741,2013,3,31,20,235,239,16,81,1500,2,6.1,1009.8,2.7,0,NE,1.2,Aotizhongxin
742,2013,3,31,21,235,272,17,71,1600,2,5.9,1009.9,2.9,0,NNE,1.8,Aotizhongxin
743,2013,3,31,22,229,280,17,69,1700,2,6.5,1009.7,2.9,0,NE,2,Aotizhongxin
744,2013,3,31,23,225,268,16,70,1600,2,6.3,1009.1,3.1,0,NW,0.4,Aotizhongxin
